Workbook
Name qaydnoma: 'Ish-haqi'!$A$3:$E$22

Sheet Ishlagan kuni
A1: Mart oyi uchun ishchilarning davomati
A2: I.F.O | B2: 42064 | C2: 42065 | D2: 42066 | E2: 42067 | F2: 42068 | G2: 42069 | H2: 42070 | I2: 42071 | J2: 42072 | K2: 42073 | L2: 42074 | M2: 42075 | N2: 42076 | O2: 42077 | P2: 42078 | Q2: 42079 | R2: 42080 | S2: 42081 | T2: 42082 | U2: 42083 | V2: 42084 | W2: 42085 | X2: 42086 | Y2: 42087 | Z2: 42088 | AA2: 42089 | AB2: 42090 | AC2: 42091 | AD2: 42092 | AE2: 42093 | AF2: 42094 | AG2: Jami ishlagan kuni
A3: Toshmatov Aziz | C3: 1 | D3: 1 | E3: 1 | F3: 1 | G3: 1 | H3: 1 | J3: 1 | K3: 1 | L3: 1 | M3: 1 | N3: 1 | O3: 1 | Q3: 1 | R3: 1 | S3: 1 | T3: 1 | U3: 1 | V3: 1 | X3: 1 | Y3: 1 | Z3: 1 | AA3: 1 | AB3: 1 | AC3: 1 | AE3: 1 | AF3: 1 | AG3: =SUM(C3:AF3) -> 26
A4: Boltayev Komron | C4: 1 | D4: 1 | E4: 0 | F4: 0 | G4: 1 | H4: 1 | J4: 0 | K4: 1 | L4: 1 | M4: 0 | N4: 0 | O4: 1 | Q4: 0 | R4: 0 | S4: 1 | T4: 1 | U4: 0 | V4: 0 | X4: 1 | Y4: 0 | Z4: 0 | AA4: 1 | AB4: 1 | AC4: 0 | AE4: 1 | AF4: 1 | AG4: =SUM(C4:AF4) -> 14
A5: Teshayev Jovlon | C5: 1 | D5: 1 | E5: 0 | F5: 1 | G5: 1 | H5: 1 | J5: 0 | K5: 0 | L5: 0 | M5: 0 | N5: 0 | O5: 0 | Q5: 0 | R5: 0 | S5: 0 | T5: 0 | U5: 0 | V5: 0 | X5: 0 | Y5: 0 | Z5: 0 | AA5: 0 | AB5: 0 | AC5: 0 | AE5: 0 | AF5: 0 | AG5: =SUM(C5:AF5) -> 5
A6: Sobirov Sobir | C6: 1 | D6: 1 | E6: 1 | F6: 0 | G6: 1 | H6: 1 | J6: 0 | K6: 1 | L6: 1 | M6: 1 | N6: 0 | O6: 1 | Q6: 1 | R6: 0 | S6: 1 | T6: 1 | U6: 1 | V6: 0 | X6: 1 | Y6: 1 | Z6: 0 | AA6: 1 | AB6: 1 | AC6: 1 | AE6: 1 | AF6: 1 | AG6: =SUM(C6:AF6) -> 20
A7: Eshmatov Eshmat | C7: 1 | D7: 1 | E7: 0 | F7: 1 | G7: 1 | H7: 1 | J7: 1 | K7: 1 | L7: 1 | M7: 0 | N7: 1 | O7: 1 | Q7: 0 | R7: 1 | S7: 1 | T7: 0 | U7: 0 | V7: 0 | X7: 0 | Y7: 0 | Z7: 0 | AA7: 1 | AB7: 1 | AC7: 0 | AE7: 1 | AF7: 1 | AG7: =SUM(C7:AF7) -> 16
A8: Olimov Olim | C8: 0 | D8: 0 | E8: 0 | F8: 0 | G8: 0 | H8: 0 | J8: 0 | K8: 0 | L8: 0 | M8: 0 | N8: 0 | O8: 0 | Q8: 0 | R8: 0 | S8: 0 | T8: 0 | U8: 0 | V8: 0 | X8: 0 | Y8: 0 | Z8: 0 | AA8: 1 | AB8: 1 | AC8: 1 | AE8: 1 | AF8: 1 | AG8: =SUM(C8:AF8) -> 5
A9: Temurov Temur | C9: 1 | D9: 1 | E9: 1 | F9: 1 | G9: 1 | H9: 1 | J9: 1 | K9: 1 | L9: 1 | M9: 1 | N9: 1 | O9: 1 | Q9: 1 | R9: 1 | S9: 1 | T9: 1 | U9: 1 | V9: 1 | X9: 1 | Y9: 1 | Z9: 1 | AA9: 1 | AB9: 1 | AC9: 1 | AE9: 1 | AF9: 1 | AG9: =SUM(C9:AF9) -> 26
A10: G'ulomov G'ulom | C10: 0 | D10: 0 | E10: 0 | F10: 0 | G10: 0 | H10: 0 | J10: 0 | K10: 0 | L10: 0 | M10: 0 | N10: 0 | O10: 0 | Q10: 1 | R10: 1 | S10: 1 | T10: 1 | U10: 1 | V10: 1 | X10: 1 | Y10: 1 | Z10: 1 | AA10: 1 | AB10: 1 | AC10: 1 | AE10: 1 | AF10: 0 | AG10: =SUM(C10:AF10) -> 13
A11: Jo'rayev Jo'ra | C11: 1 | D11: 1 | E11: 1 | F11: 1 | G11: 1 | H11: 1 | J11: 1 | K11: 1 | L11: 1 | M11: 1 | N11: 1 | O11: 1 | Q11: 1 | R11: 1 | S11: 1 | T11: 1 | U11: 1 | V11: 1 | X11: 1 | Y11: 1 | Z11: 1 | AA11: 1 | AB11: 1 | AC11: 1 | AE11: 1 | AF11: 1 | AG11: =SUM(C11:AF11) -> 26
A12: Zuparova Kamola | C12: 1 | D12: 1 | E12: 1 | F12: 0 | G12: 1 | H12: 1 | J12: 0 | K12: 1 | L12: 1 | M12: 1 | N12: 0 | O12: 1 | Q12: 1 | R12: 0 | S12: 1 | T12: 1 | U12: 1 | V12: 0 | X12: 1 | Y12: 1 | Z12: 0 | AA12: 1 | AB12: 1 | AC12: 1 | AE12: 1 | AF12: 0 | AG12: =SUM(C12:AF12) -> 19
A13: Holiqova Sabohat | C13: 1 | D13: 1 | E13: 1 | F13: 0 | G13: 1 | H13: 1 | J13: 0 | K13: 1 | L13: 1 | M13: 1 | N13: 0 | O13: 1 | Q13: 1 | R13: 0 | S13: 1 | T13: 1 | U13: 1 | V13: 0 | X13: 1 | Y13: 1 | Z13: 0 | AA13: 1 | AB13: 1 | AC13: 1 | AE13: 1 | AF13: 0 | AG13: =SUM(C13:AF13) -> 19
A14: Toshmatov Toshmat | C14: 0 | D14: 1 | E14: 0 | F14: 1 | G14: 0 | H14: 1 | J14: 1 | K14: 0 | L14: 1 | M14: 0 | N14: 1 | O14: 0 | Q14: 0 | R14: 1 | S14: 0 | T14: 1 | U14: 0 | V14: 1 | X14: 1 | Y14: 0 | Z14: 1 | AA14: 0 | AB14: 1 | AC14: 0 | AE14: 1 | AF14: 1 | AG14: =SUM(C14:AF14) -> 14
... A22: Mashalova Salima | C22: 0 | D22: 0 | E22: 0 | F22: 0 | G22: 0 | H22: 0 | J22: 0 | K22: 0 | L22: 0 | M22: 0 | N22: 0 | O22: 0 | Q22: 0 | R22: 0 | S22: 0 | T22: 0 | U22: 0 | V22: 0 | X22: 0 | Y22: 0 | Z22: 0 | AA22: 0 | AB22: 0 | AC22: 0 | AE22: 1 | AF22: 0 | AG22: =SUM(C22:AF22) -> 1

Sheet Ish-haqi
A1: Mart oyi uchun Ish-haqi hisoblab chiqarish bo'yicha Qaydnoma № 155 | G1: Ta'rif
A2: I.F.O | B2: Ishlagan kuni | C2: Ish-haqi | D2: Ushlab qolinsin | E2: Hisoblangan ish-haqi | G2: Kuniga | H2: Ushlab qolinadi | I2: Stavkasi
A3: Toshmatov Aziz | B3: ='Ishlagan kuni'!AG3 -> 26 | C3: =B3*$G$7 -> 2000000 | D3: =VLOOKUP(C3,H:I,2) -> 0.1 | E3: =C3-(C3*D3) -> 1800000 | G3: 1 oyda 26 kun ishlagan 2 mln so'm oladi | H3: 76923.077 | I3: 0.02
A4: Boltayev Komron | B4: ='Ishlagan kuni'!AG4 -> 14 | C4: =B4*$G$7 -> 1076923.1 | D4: =VLOOKUP(C4,H:I,2) -> 0.06 | E4: =C4-(C4*D4) -> 1012307.7 | H4: 500000 | I4: 0.04
A5: Teshayev Jovlon | B5: ='Ishlagan kuni'!AG5 -> 5 | C5: =B5*$G$7 -> 384615.38 | D5: =VLOOKUP(C5,H:I,2) -> 0.02 | E5: =C5-(C5*D5) -> 376923.08 | H5: 1000000 | I5: 0.06
A6: Sobirov Sobir | B6: ='Ishlagan kuni'!AG6 -> 20 | C6: =B6*$G$7 -> 1538461.5 | D6: =VLOOKUP(C6,H:I,2) -> 0.08 | E6: =C6-(C6*D6) -> 1415384.6 | H6: 1500000 | I6: 0.08
A7: Eshmatov Eshmat | B7: ='Ishlagan kuni'!AG7 -> 16 | C7: =B7*$G$7 -> 1230769.2 | D7: =VLOOKUP(C7,H:I,2) -> 0.06 | E7: =C7-(C7*D7) -> 1156923.1 | G7: =2000000/26 -> 76923.077 | H7: 2000000 | I7: 0.1
A8: Olimov Olim | B8: ='Ishlagan kuni'!AG8 -> 5 | C8: =B8*$G$7 -> 384615.38 | D8: =VLOOKUP(C8,H:I,2) -> 0.02 | E8: =C8-(C8*D8) -> 376923.08
A9: Temurov Temur | B9: ='Ishlagan kuni'!AG9 -> 26 | C9: =B9*$G$7 -> 2000000 | D9: =VLOOKUP(C9,H:I,2) -> 0.1 | E9: =C9-(C9*D9) -> 1800000
A10: G'ulomov G'ulom | B10: ='Ishlagan kuni'!AG10 -> 13 | C10: =B10*$G$7 -> 1000000 | D10: =VLOOKUP(C10,H:I,2) -> 0.06 | E10: =C10-(C10*D10) -> 940000
A11: Jo'rayev Jo'ra | B11: ='Ishlagan kuni'!AG11 -> 26 | C11: =B11*$G$7 -> 2000000 | D11: =VLOOKUP(C11,H:I,2) -> 0.1 | E11: =C11-(C11*D11) -> 1800000
A12: Zuparova Kamola | B12: ='Ishlagan kuni'!AG12 -> 19 | C12: =B12*$G$7 -> 1461538.5 | D12: =VLOOKUP(C12,H:I,2) -> 0.06 | E12: =C12-(C12*D12) -> 1373846.2
A13: Holiqova Sabohat | B13: ='Ishlagan kuni'!AG13 -> 19 | C13: =B13*$G$7 -> 1461538.5 | D13: =VLOOKUP(C13,H:I,2) -> 0.06 | E13: =C13-(C13*D13) -> 1373846.2
A14: Toshmatov Toshmat | B14: ='Ishlagan kuni'!AG14 -> 14 | C14: =B14*$G$7 -> 1076923.1 | D14: =VLOOKUP(C14,H:I,2) -> 0.06 | E14: =C14-(C14*D14) -> 1012307.7
A15: Boltayev Bolta | B15: ='Ishlagan kuni'!AG15 -> 20 | C15: =B15*$G$7 -> 1538461.5 | D15: =VLOOKUP(C15,H:I,2) -> 0.08 | E15: =C15-(C15*D15) -> 1415384.6
A16: Teshayev Tesha | B16: ='Ishlagan kuni'!AG16 -> 20 | C16: =B16*$G$7 -> 1538461.5 | D16: =VLOOKUP(C16,H:I,2) -> 0.08 | E16: =C16-(C16*D16) -> 1415384.6
A17: Sobirov Salim | B17: ='Ishlagan kuni'!AG17 -> 14 | C17: =B17*$G$7 -> 1076923.1 | D17: =VLOOKUP(C17,H:I,2) -> 0.06 | E17: =C17-(C17*D17) -> 1012307.7
A18: Xolmatov Aziz | B18: ='Ishlagan kuni'!AG18 -> 2 | C18: =B18*$G$7 -> 153846.15 | D18: =VLOOKUP(C18,H:I,2) -> 0.02 | E18: =C18-(C18*D18) -> 150769.23
A19: Sobirov Aziz | B19: ='Ishlagan kuni'!AG19 -> 8 | C19: =B19*$G$7 -> 615384.62 | D19: =VLOOKUP(C19,H:I,2) -> 0.04 | E19: =C19-(C19*D19) -> 590769.23
... A22: Mashalova Salima | B22: ='Ishlagan kuni'!AG22 -> 1 | C22: =B22*$G$7 -> 76923.077 | D22: =VLOOKUP(C22,H:I,2) -> 0.02 | E22: =C22-(C22*D22) -> 75384.615

Sheet Patta
C3: "Eshmat servis" MChJ | G3: Hisob raqami | H3: # 905590046
C5: Xurmatli | D5: Toshmatov Aziz | E5: siz ushbu oyda | F5: =VLOOKUP(D5,'Ish-haqi'!A2:E22,2,0) -> 26 | G5: kun mehnat qildingiz.
C7: Yangi tarif bo'yicha sizga | E7: =VLOOKUP(D5,'Ish-haqi'!A2:E22,5,0) -> 1800000 | F7: pul miqdorida ish-haqi hisoblandi.
C9: Ushbu chekni firmamiz ofislaridan birida naxd pul ko'rinishida yoki elektron hisobingizga o'tkazib olishingiz mumkin.
C11: Xurmat bilan, "Eshmat servis" MChj hisob bo'limi boshlig'I o'rinbosari, imzo | J11: E.Toshmatov
C16: "Eshmat servis" MChJ | G16: Hisob raqami | H16: # 905590047
C18: Xurmatli | D18: Holiqova Sabohat | E18: siz ushbu oyda | F18: =VLOOKUP(D18,qaydnoma,2,0) -> 19 | G18: kun mehnat qildingiz.
C20: Yangi tarif bo'yicha sizga | E20: =VLOOKUP(D18,qaydnoma,5,0) -> 1373846.2 | F20: pul miqdorida ish-haqi hisoblandi.
C22: Ushbu chekni firmamiz ofislaridan birida naxd pul ko'rinishida yoki elektron hisobingizga o'tkazib olishingiz mumkin.
C24: Xurmat bilan, "Eshmat servis" MChj hisob bo'limi boshlig'I o'rinbosari, imzo | J24: E.Toshmatov
